-0.032289851456881,0.17797818779945,0.11740923672915,0.15618686378002,0.031069502234459,0.18945679068565,-0.048623282462358,-0.070665121078491,0.11034321784973,0.017434472218156,0.089868627488613,-0.00042131741065532,-0.13090270757675,-0.1876193434,0.094029299914837,-0.049694735556841,-0.13425898551941,0.092959649860859,-0.028285628184676,-0.093940488994122,0.064786300063133,-0.0022301669232547,0.022938024252653,-0.0046681361272931,0.19179953634739,-0.18742479383945,-0.053605403751135,-0.054022438824177,-0.051765710115433,0.0077032367698848,0.14203527569771,-0.062808968126774,-0.012962869368494,0.067593105137348,0.11189116537571,0.046841211616993,0.021544734016061,-0.16717970371246,0.001467686961405,-0.02825509570539,0.11644019931555,-0.097784958779812,0.013916593044996,0.0069247442297637,-0.091314919292927,-0.103654704988,0.056829314678907,-0.024848978966475,-0.013696805574,0.045056685805321,0.11537145078182,0.087593294680119,-0.077824480831623,-0.023225799202919,0.028549239039421,0.051415767520666,-0.047608312219381,-0.14356549084187,-0.060104910284281,-0.038150485605001,-0.070537321269512,-0.093208894133568,-0.001029915525578,-0.14857509732246,0.13628038764,-0.0287682171911,0.03988278657198,-0.058546155691147,-0.069926291704178,0.29146042466164,0.030118586495519,0.17332644760609,-0.010980727151036,-0.030930215492845,-0.02387822046876,-0.049395624548197,-0.03792954608798,0.077674008905888,-0.090517319738865,0.027045197784901,-0.082336403429508,0.082648247480392,0.069215513765812,0.077604547142982,0.0010738491546363,0.030099354684353,-0.001188040478155,0.017232401296496,-0.027634350582957,0.087637968361378,-0.0070807673037052,-0.08211799710989,-0.054481491446495,-0.037555947899818,-0.081680588424206,-0.13035596907139,-0.077931828796864,-0.016993265599012,-0.0070794145576656,0.020470639690757,0.0037490150425583,0.0033976375125349,0.0063395877368748,-0.10372693836689,0.12881971895695,0.047785390168428,0.094066016376019,0.014433039352298,-0.011692962609231,0.10116409510374,-0.088906265795231,-0.020583523437381,-0.010774677619338,-0.011097623035312,0.099445715546608,-0.097772285342216,0.020734362304211,0.0070143472403288,0.088187977671623,0.076358743011951,0.1367349177599,0.060119830071926,-0.0014733722200617,0.071976810693741,0.1822714805603,0.0059304679743946,0.24347737431526,0.10237246751785
-0.0044587263837457,0.11979747563601,0.15697772800922,0.20154613256454,0.070480547845364,0.18014092743397,-0.00026536345831119,-0.13124741613865,0.11101603507996,-0.013059600256383,0.051727391779423,0.013990224339068,-0.11246576905251,-0.14259684085846,0.092388242483139,0.027945153415203,-0.091268315911293,0.12093292176723,-0.058457639068365,-0.11252722889185,0.11862371116877,0.023095877841115,0.016704354435205,0.012045877054334,0.19906602799892,-0.18845555186272,-0.16342343389988,-0.082150287926197,-0.052187442779541,0.060709532350302,0.163684040308,0.066175892949104,-0.051397278904915,0.068813323974609,0.13104599714279,0.030838059261441,0.021454650908709,-0.15064965188503,0.063351213932037,-0.045206110924482,0.11588042974472,-0.04345978051424,0.055238001048565,-0.081216514110565,-0.04024875164032,-0.11400812119246,0.036030165851116,-0.054514683783054,0.027123918756843,-0.0096771800890565,0.14654599130154,0.052611492574215,-0.0052687409333885,-0.013791564851999,0.037600487470627,0.038640365004539,0.019535202533007,-0.11353432387114,-0.038748599588871,-0.0077524511143565,-0.060143433511257,-0.04775408655405,-0.067210972309113,-0.18038831651211,0.13524049520493,0.0015546610811725,0.02643066085875,-0.052605051547289,-0.10248051583767,0.25263267755508,0.053448647260666,0.19743292033672,-0.020098717883229,-0.034629821777344,-0.054300993680954,-0.012847661972046,-0.029954304918647,0.013067598454654,-0.10738011449575,0.042648375034332,-0.0226677544415,0.11608383059502,0.087508901953697,0.074948415160179,0.0042666723020375,0.03139703720808,0.0022375625558197,-0.0043033654801548,-0.11649812012911,0.059743136167526,-0.017035081982613,-0.055409241467714,-0.049660176038742,-0.02111648209393,-0.095671959221363,-0.058174651116133,-0.072756096720695,0.011236521415412,-0.014801495708525,0.065528035163879,0.051171574741602,-0.010027886368334,0.00049455434782431,-0.032939430326223,0.13958372175694,0.016632754355669,0.097313895821571,-0.0075460057705641,0.01954978518188,0.1106873229146,-0.13829554617405,-0.054077744483948,-0.024139693006873,-0.038829497992992,0.1146138459444,-0.050258971750736,-0.0055456217378378,0.053909469395876,0.00095718912780285,0.079518467187881,0.13428625464439,0.08165180683136,0.0091788889840245,0.018761998042464,0.14610287547112,0.048146601766348,0.19976186752319,0.092395015060902
-0.011036985553801,0.11961914598942,0.16595558822155,0.15057180821896,0.044511530548334,0.18757604062557,-0.040854785591364,-0.042698264122009,0.10662783682346,-0.013236305676401,0.090883478522301,0.020685221999884,-0.12770520150661,-0.15061435103416,0.10054492205381,-0.067477278411388,-0.10710696876049,0.097052916884422,-0.042265620082617,-0.095248602330685,0.074896268546581,0.049423277378082,0.033841226249933,0.011608947999775,0.1683813482523,-0.18145060539246,-0.060906205326319,-0.042826436460018,-0.051792092621326,-0.018432449549437,0.14217735826969,-0.10142771154642,-0.036401771008968,0.055733576416969,0.09812705218792,0.046907391399145,-0.0014295174041763,-0.14428651332855,-0.010320601053536,0.017552187666297,0.11489943414927,-0.015595874749124,-0.039051458239555,0.00090163724962622,-0.12795947492123,-0.14887951314449,0.015148352831602,-0.060251221060753,0.043514672666788,0.058633778244257,0.12695556879044,0.084439031779766,-0.10642988234758,-0.00085700291674584,0.0088074319064617,0.024781143292785,-0.029660299420357,-0.10562334954739,-0.057960133999586,-0.017214106395841,-0.068726442754269,-0.095969133079052,-0.017547115683556,-0.14573106169701,0.12736751139164,-0.080878898501396,0.075977772474289,-0.046163003891706,-0.051830060780048,0.31053820252419,0.078392535448074,0.20492923259735,0.034799255430698,-0.016605025157332,-0.054005216807127,-0.044949445873499,-0.069002240896225,0.065233789384365,-0.086084045469761,0.02487769164145,-0.068194560706615,0.098408572375774,0.1150317043066,0.083238691091537,0.033651728183031,-0.0061946148052812,0.044423542916775,0.030639311298728,-0.055903095752001,0.040692575275898,-0.0188690982759,-0.076935529708862,-0.038337491452694,-0.033995233476162,-0.068896278738976,-0.15865445137024,-0.073625668883324,-0.039650592952967,-0.041434660553932,0.057583402842283,-0.023607153445482,0.023171648383141,0.011927644722164,-0.09578862786293,0.12493305653334,0.029824394732714,0.095935933291912,-0.032520387321711,0.0087108984589577,0.092354506254196,-0.082273155450821,-0.026999434456229,-0.003199287224561,0.022314237430692,0.091988392174244,-0.074142500758171,0.032214738428593,0.0072069107554853,0.032410606741905,0.058712985366583,0.10546330362558,0.072596974670887,-0.022395871579647,0.050480101257563,0.19040238857269,0.0029361473862082,0.22397382557392,0.13397301733494
-0.008684515953064,0.069240733981133,0.133410140872,0.18497350811958,0.095559753477573,0.153843075037,-0.036962937563658,-0.13834251463413,0.12625959515572,-0.080023668706417,0.067256100475788,0.031388428062201,-0.14525845646858,-0.072284772992134,0.065083414316177,-0.039991278201342,-0.05325023457408,0.11599304527044,-0.027530740946531,-0.094428718090057,0.09234931319952,0.032736077904701,0.039352938532829,-0.035907682031393,0.21144989132881,-0.16918748617172,-0.10606654733419,-0.033964294940233,-0.064898833632469,0.0026251256931573,0.19336406886578,-0.023902060464025,-0.023504996672273,-0.0019991435110569,0.12568184733391,0.079158842563629,-0.041169006377459,-0.13645017147064,0.020065326243639,-0.039519891142845,0.12421766668558,0.056116420775652,-0.021186413243413,-0.0091866599395871,-0.11332944780588,-0.09264213591814,-0.011801496148109,-0.085256025195122,0.072314597666264,-0.02395236119628,0.061572931706905,0.092765681445599,-0.021047789603472,-0.036409340798855,-0.011281741783023,0.016268720850348,-0.020898271352053,-0.062542118132114,-0.069071479141712,0.011992855928838,-0.071460530161858,-0.053538788110018,-0.0061005013994873,-0.13386072218418,0.14457874000072,-0.045095428824425,0.051434457302094,-0.0098801795393229,-0.063657939434052,0.30808448791504,0.13642404973507,0.19112095236778,0.035739377140999,-0.073895618319511,-0.076894395053387,-0.001905238837935,-0.08367382735014,-0.0020189539063722,-0.14064228534698,0.0074707376770675,-0.081137016415596,0.14320032298565,0.093672230839729,0.076094679534435,0.0071666068397462,-0.0031501273624599,0.025881439447403,0.020037649199367,-0.14003629982471,0.002594695892185,-0.0036197805311531,-0.048993214964867,-0.034817822277546,-0.035000171512365,-0.021948514506221,-0.12831819057465,-0.071508206427097,-0.018129277974367,-0.050021633505821,0.062964767217636,-0.026727624237537,0.004546491894871,0.02182425558567,-0.092405900359154,0.099361665546894,0.048428539186716,0.12336150556803,-0.031478077173233,0.04484461247921,0.08823336660862,-0.093535296618938,-0.07567947357893,-0.02109064348042,0.017856867983937,0.10666407644749,-0.063388824462891,-0.017563510686159,0.014003195799887,0.043673239648342,0.06932420283556,0.092834964394569,0.078323625028133,-0.043721597641706,0.015973540022969,0.17684805393219,0.0324970446527,0.21693044900894,0.13248470425606
-0.01855700276792,0.13718441128731,0.1229662746191,0.16891799867153,0.069538734853268,0.18643790483475,-0.031154757365584,-0.11316522955894,0.10440487414598,-0.033862270414829,0.089563220739365,0.010747048072517,-0.1225246489048,-0.13827158510685,0.081479750573635,-0.0011718786554411,-0.10577850788832,0.11656955629587,-0.041219163686037,-0.11777186393738,0.12236818671227,0.026178339496255,0.017920192331076,-0.0092979986220598,0.21228268742561,-0.17588260769844,-0.095927327871323,-0.06618857383728,-0.029606480151415,0.043143667280674,0.16928614675999,-0.0084442086517811,-0.03017664141953,0.051000889390707,0.1221087500453,0.058997176587582,-0.0089421002194285,-0.17833176255226,0.040963158011436,-0.023835537955165,0.12601867318153,-0.034268837422132,0.036297034472227,0.012730517424643,-0.083051696419716,-0.10464563965797,0.05155224353075,-0.059842854738235,0.011278983205557,-0.017815535888076,0.10840364545584,0.075216807425022,-0.054618190973997,-0.02715639770031,0.014621972106397,0.052933439612389,-0.021314725279808,-0.090639784932137,-0.056243453174829,-0.0089710904285312,-0.079503126442432,-0.077044531702995,-0.0031840864103287,-0.13941998779774,0.13697065412998,-0.03709114715457,0.031615819782019,-0.050627417862415,-0.063549198210239,0.29607307910919,0.068120203912258,0.18799903988838,-0.0032942937687039,-0.070378564298153,-0.042162168771029,-0.032910116016865,-0.062209043651819,0.049055941402912,-0.13753192126751,0.030806506052613,-0.046405300498009,0.1237496510148,0.093645855784416,0.080523438751698,-0.022648746147752,0.045546051114798,0.019901482388377,-0.0045832833275199,-0.11270119249821,0.052013605833054,-0.0014139111153781,-0.073534771800041,-0.087686508893967,-0.041619226336479,-0.067756466567516,-0.10246631503105,-0.091829419136047,0.011650341562927,-0.024203382432461,0.053014367818832,-0.0048734378069639,-0.0010018679313362,0.021982567384839,-0.061958733946085,0.11632726341486,0.044347696006298,0.09357201308012,0.024229241535068,0.014525277540088,0.077830329537392,-0.11179946362972,-0.059202075004578,-0.046599578112364,-0.011453769169748,0.11510422825813,-0.063424818217754,0.0040057855658233,0.012714587152004,0.056823864579201,0.087358139455318,0.13877920806408,0.065462000668049,-0.010025952011347,0.042279094457626,0.15384498238564,0.028542390093207,0.22021445631981,0.12523171305656
-0.025209881365299,0.15261213481426,0.14814007282257,0.1899545788765,0.023738568648696,0.17077644169331,-0.025555957108736,-0.14503240585327,0.1105237826705,-0.037098992615938,0.08701042085886,0.015612194314599,-0.10421951115131,-0.12746515870094,0.073424622416496,-0.036449313163757,-0.10673327744007,0.12525060772896,-0.051931817084551,-0.11947000771761,0.10591602325439,0.0060715428553522,0.0078238155692816,0.022015605121851,0.20811602473259,-0.19452613592148,-0.12287119776011,-0.058540921658278,-0.064966231584549,0.066737569868565,0.17313319444656,-0.010474634356797,-0.04264098405838,0.058093372732401,0.1267773360014,0.037901863455772,-0.012365769594908,-0.15073201060295,0.045268826186657,-0.0043331966735423,0.10507410019636,-0.043570134788752,0.027178041636944,-0.010198444128036,-0.063934728503227,-0.13494887948036,0.037985812872648,-0.060878574848175,0.024608954787254,-0.0033997786231339,0.14061412215233,0.070043012499809,-0.033660739660263,-0.021724635735154,0.0073505360633135,0.052289456129074,-0.028655597940087,-0.079939462244511,-0.042764917016029,-0.014519509859383,-0.073365561664104,-0.06098223105073,-0.029966127127409,-0.15130120515823,0.12530466914177,-0.034761525690556,0.060300387442112,-0.079460509121418,-0.11075143516064,0.27095872163773,0.075335174798965,0.1707299053669,0.0048342174850404,-0.04470307007432,-0.048979319632053,-0.038064271211624,-0.058448646217585,-0.00090398394968361,-0.11388731747866,0.073697403073311,-0.063698224723339,0.089597977697849,0.095884263515472,0.072348937392235,-0.033646985888481,0.027696307748556,0.013500446453691,-0.047137964516878,-0.10686361044645,0.037885159254074,-0.045353628695011,-0.099297739565372,-0.0087130544707179,-0.053141959011555,-0.088963963091373,-0.11689629405737,-0.096689604222775,-0.0077065113000572,-0.019905179738998,0.058574099093676,0.0035042855888605,0.034032292664051,0.012725504115224,-0.024926904588938,0.14127761125565,0.034086883068085,0.1014625877142,0.024727519601583,0.0048073884099722,0.089680805802345,-0.11405213177204,-0.071669586002827,-0.053965862840414,0.0010466394014657,0.070515856146812,-0.049691963940859,0.010312527418137,0.042897239327431,0.051397271454334,0.081227123737335,0.12232457846403,0.054810542613268,-0.054414566606283,0.02774310298264,0.17094799876213,0.030225688591599,0.20178040862083,0.11730650067329
-0.011013781651855,0.12602803111076,0.16781191527843,0.20163881778717,0.028894551098347,0.12800870835781,-0.0049921404570341,-0.13247148692608,0.16037400066853,-0.024471187964082,0.10400070995092,-0.0024777518119663,-0.095375500619411,-0.1027143523097,0.073100566864014,-0.059923339635134,-0.05356315523386,0.15289822220802,-0.082320302724838,-0.11157215386629,0.1144784539938,-0.0023888065479696,-0.02315472625196,0.037782546132803,0.20930594205856,-0.19921414554119,-0.14818745851517,-0.028551308438182,-0.05973257869482,0.056866779923439,0.1849620193243,0.0026234099641442,-0.046773657202721,0.05896095559001,0.12997159361839,0.02816846780479,-0.016791889443994,-0.10300721973181,0.041315160691738,-0.038165472447872,0.098485395312309,-0.0045250081457198,-0.012412586249411,-0.020693507045507,-0.041122235357761,-0.16831241548061,-0.031810857355595,-0.041075084358454,0.075498983263969,-0.036785934120417,0.12420229613781,0.091889023780823,-0.034022778272629,-0.039684075862169,-0.0058639976195991,0.039186429232359,-0.059887580573559,-0.090433336794376,-0.043376315385103,-0.033944472670555,-0.058574840426445,-0.08733694255352,-0.054891169071198,-0.12648321688175,0.087856374680996,-0.020811017602682,0.081989593803883,-0.055459428578615,-0.10077572613955,0.24755792319775,0.098843932151794,0.15287594497204,0.022185619920492,-0.055187191814184,-0.09346192330122,-0.061656333506107,-0.052980620414019,-0.0048832008615136,-0.09934788197279,0.059309892356396,-0.075441546738148,0.11657451838255,0.087586134672165,0.043979790061712,0.017936853691936,-0.015076161362231,0.023386500775814,-0.021958949044347,-0.070551298558712,0.020078232511878,-0.043767634779215,-0.092907927930355,0.02094685845077,-0.052034355700016,-0.080266654491425,-0.13531728088856,-0.097499385476112,-0.064151525497437,-0.037589639425278,0.055027432739735,0.021064190194011,0.035582032054663,0.016139950603247,-0.029953403398395,0.14089773595333,0.021006928756833,0.1170010715723,-0.025425478816032,0.056630343198776,0.093817293643951,-0.110451631248,-0.066660717129707,-0.081668108701706,0.030992047861218,0.088510051369667,-0.067551672458649,-0.0049697267822921,0.022706823423505,0.033320788294077,0.039168242365122,0.092593178153038,0.091808401048183,-0.071630924940109,0.053442969918251,0.18708081543446,0.0055579836480319,0.20154201984406,0.095513641834259
-0.019305814057589,0.16175228357315,0.11461476236582,0.14512057602406,0.032726626843214,0.18154625594616,-0.040482006967068,-0.073988914489746,0.11047770828009,-0.0032252201344818,0.11153057962656,-0.022780308499932,-0.10466431081295,-0.15565088391304,0.069815814495087,-0.050656363368034,-0.091173969209194,0.15208025276661,-0.0408775806427,-0.12351133674383,0.13096018135548,0.0054831397719681,-0.00057242013281211,-0.0057998858392239,0.20206074416637,-0.19822180271149,-0.089276984333992,-0.051478281617165,-0.025936750695109,0.034616108983755,0.16972337663174,-0.078150883316994,-0.030245425179601,0.039782211184502,0.14043679833412,0.034439537674189,-0.020685002207756,-0.16708479821682,0.043038230389357,-0.0298141092062,0.088116653263569,-0.035550873726606,0.0023259366862476,0.055019959807396,-0.075961485505104,-0.15134608745575,0.025008730590343,-0.034539621323347,0.0065730870701373,-0.010133593343198,0.10261179506779,0.093760535120964,-0.073914304375648,-0.031680062413216,-0.031833704560995,0.049276117235422,-0.03466721624136,-0.11301847547293,-0.051029104739428,-0.055569492280483,-0.062963329255581,-0.091182477772236,0.0071183713153005,-0.11687435209751,0.10106062144041,-0.062406569719315,0.054568257182837,-0.060936596244574,-0.061228431761265,0.26679337024689,0.081279993057251,0.15709975361824,0.0080489311367273,-0.088784009218216,-0.081789739429951,-0.067006155848503,-0.075543202459812,0.051768690347672,-0.10116485506296,0.046465970575809,-0.085341438651085,0.10624038428068,0.087246470153332,0.081231169402599,-0.0031555071473122,0.036184646189213,0.013242626562715,-0.013876486569643,-0.040859054774046,0.036369603127241,-0.024389835074544,-0.087097994983196,-0.057982292026281,-0.054547697305679,-0.059764571487904,-0.15632496774197,-0.099478222429752,-0.00061596027808264,-0.073158964514732,0.047859188169241,0.0058634388260543,0.03845801949501,0.026069670915604,-0.07272931933403,0.13274379074574,0.046213645488024,0.11518712341785,0.0084482515230775,0.029448950663209,0.088111288845539,-0.094574816524982,-0.077805317938328,-0.059099964797497,0.020752027630806,0.094425454735756,-0.066344290971756,0.0098134018480778,8.4952371253166e-05,0.072310224175453,0.04631719365716,0.10495795309544,0.045611400157213,-0.03832945972681,0.053046595305204,0.1722816079855,-0.010976790450513,0.22167338430882,0.12432424724102
-0.014116534031928,0.12254550307989,0.095344208180904,0.15124595165253,0.038756292313337,0.14012233912945,-0.026548963040113,-0.022531818598509,0.1132961884141,0.0061994753777981,0.12751857936382,0.0041455938480794,-0.062773533165455,-0.14898271858692,0.065895326435566,-0.0455591827631,-0.089718468487263,0.15723158419132,-0.059535663574934,-0.061226334422827,0.14981301128864,-0.026387590914965,-0.0017737123416737,-0.0067545939236879,0.17766039073467,-0.19450835883617,-0.10887259244919,-0.068342454731464,-0.061234660446644,0.052021261304617,0.12547437846661,-0.052562825381756,-0.0059572849422693,0.069417268037796,0.1006408110261,0.031553484499454,-0.00060202262829989,-0.15286788344383,0.018268294632435,-0.043173212558031,0.096222378313541,-0.037641990929842,0.028280436992645,0.056540671736002,-0.09649633616209,-0.19115883111954,0.037218730896711,-0.049655470997095,0.044426798820496,0.032990854233503,0.10624566674232,0.04320140555501,-0.12529665231705,0.0098453843966126,0.015176782384515,0.039917584508657,-0.054248996078968,-0.1600751131773,-0.043100193142891,-0.054816845804453,-0.050796363502741,-0.13205561041832,-0.02477209456265,-0.10812822729349,0.078929267823696,-0.079659506678581,0.044194091111422,-0.057290196418762,-0.027303757146001,0.21506708860397,0.081271775066853,0.158601552248,0.019187973812222,-0.078859627246857,-0.091069526970387,-0.060463387519121,-0.051859635859728,0.070375978946686,-0.096131689846516,0.039768431335688,-0.092986695468426,0.090782590210438,0.084249466657639,0.08969260007143,0.0041352855041623,0.076901502907276,0.034504693001509,0.0052772928029299,0.012591015547514,0.024357702583075,-0.040377389639616,-0.10306020826101,-0.07654645293951,-0.069553978741169,-0.090938419103622,-0.16718998551369,-0.12545996904373,-0.0058507635258138,-0.084853030741215,0.037910293787718,-0.004377200268209,0.019663901999593,0.058443032205105,-0.070027835667133,0.14166559278965,0.048438493162394,0.084612868726254,0.030952071771026,0.016691176220775,0.08868982642889,-0.13791251182556,-0.08338301628828,-0.081068061292171,0.012574601918459,0.079826667904854,-0.075185403227806,0.06822956353426,-0.031615070998669,0.057036720216274,0.049182914197445,0.094789579510689,0.086625136435032,-0.022283608093858,0.098787918686867,0.15712144970894,-0.042055439203978,0.23209609091282,0.14663229882717
-0.037466488778591,0.17067933082581,0.11303923279047,0.15775145590305,0.054123014211655,0.16460831463337,-0.046801824122667,-0.09320692718029,0.12793882191181,-0.023776775225997,0.071794174611568,-0.0068215844221413,-0.11288516223431,-0.12104758620262,0.071318589150906,-0.0015818434767425,-0.058330733329058,0.14430606365204,-0.041811171919107,-0.13734839856625,0.12706236541271,0.02480274438858,0.028286362066865,-0.0014618519926444,0.21168273687363,-0.21594466269016,-0.079816244542599,-0.05324736982584,-0.042946826666594,0.056551471352577,0.16961528360844,-0.029418241232634,0.0035713261459023,0.053572658449411,0.1217203438282,0.025542318820953,0.035238269716501,-0.15791326761246,0.031595911830664,-0.012013276107609,0.097464047372341,-0.011978707276285,0.067805588245392,-0.0045772497542202,-0.064931131899357,-0.1262850612402,0.052670352160931,-0.080670274794102,0.022834924980998,-0.0071939835324883,0.13262559473515,0.044445272535086,-0.046707279980183,-0.011998103000224,-0.013871254399419,0.065711185336113,0.0081985713914037,-0.12342619895935,-0.030346350744367,-0.041474971920252,-0.065425284206867,-0.082618124783039,-0.050851333886385,-0.16803035140038,0.12955574691296,-0.049543499946594,0.03278961032629,-0.054220616817474,-0.073511280119419,0.27475655078888,0.071908928453922,0.16170154511929,-0.010864403098822,-0.097892329096794,-0.046274919062853,-0.015926156193018,-0.057245280593634,0.056737568229437,-0.14102727174759,-0.0026196578983217,-0.081696294248104,0.13845348358154,0.089803025126457,0.10537414997816,-0.0033947573974729,0.0650564879179,-0.0065133762545884,-0.023661371320486,-0.094835080206394,0.037124279886484,-0.054375570267439,-0.098474413156509,-0.069195047020912,-0.067526660859585,-0.03458433970809,-0.097382321953773,-0.10796140134335,0.036511871963739,-0.055828329175711,0.073829293251038,-0.010945019312203,-0.0089973704889417,0.032668605446815,-0.024888487532735,0.12203804403543,0.013362965546548,0.082173049449921,-0.0052706738933921,-0.017137244343758,0.070970885455608,-0.13183325529099,-0.082294411957264,-0.024388758465648,0.0033279838971794,0.078750878572464,-0.070202901959419,-0.00030619808239862,0.009190397337079,0.045206218957901,0.066002272069454,0.12473127245903,0.092357590794563,-0.025352597236633,0.03841520100832,0.16818530857563,-0.0032900695223361,0.18850423395634,0.11148084700108
-0.025676108896732,0.23702308535576,0.26359033584595,0.11890787631273,-0.0078462157398462,0.15050265192986,-0.046947360038757,-0.075367577373981,0.067589119076729,-0.07966373860836,-0.036459345370531,-0.01271010003984,-0.15598881244659,-0.16380180418491,0.020531762391329,-0.018383806571364,-0.10068099200726,-0.043870106339455,-0.072102017700672,-0.082080252468586,0.064941339194775,0.054229006171227,-0.086540244519711,0.013164035044611,0.13075332343578,-0.12514728307724,-0.14375428855419,0.078790239989758,0.052364554256201,0.0047529442235827,0.10766992717981,-0.038305081427097,-0.075607806444168,0.022024307399988,0.086901009082794,-0.010725128464401,0.03788423538208,-0.10430829972029,0.093610115349293,-0.020307430997491,0.057452280074358,-0.054879479110241,0.040132749825716,-0.22634914517403,0.11613833904266,0.01640535518527,0.032486781477928,-0.065481469035149,-0.1038815677166,0.013117793947458,0.042243100702763,0.20876367390156,0.060423195362091,0.010873497463763,0.032227121293545,-0.026524432003498,0.021212920546532,-0.12036790698767,-0.10677023977041,-0.084214478731155,-0.0025325727183372,0.078389726579189,-0.05692545324564,-0.11249960958958,0.0042757759802043,0.085913874208927,0.079793386161327,-0.04853618144989,-0.14296741783619,0.14201976358891,0.056630078703165,0.074528940021992,-0.039225403219461,0.028885766863823,0.097403787076473,0.061332434415817,-0.023693211376667,-0.016217060387135,0.036957163363695,0.099662877619267,-0.0094641409814358,0.11453792452812,0.12600004673004,0.12681433558464,0.10597839951515,0.013748741708696,-0.06912587583065,0.061223119497299,-0.05425925552845,0.1219699010253,-0.00157079345081,-0.042009100317955,0.034064918756485,0.15448413789272,-0.11802842468023,-0.077064834535122,0.042116910219193,-0.029136972501874,-0.016969799995422,0.0014588771155104,0.051549177616835,0.016188517212868,-0.11616133898497,-0.005669959820807,0.027554754167795,0.10412210971117,0.12935882806778,0.0098814247176051,0.0024427799507976,0.048684872686863,0.0049023013561964,-0.036569803953171,-0.037644017487764,0.024490438401699,0.082326866686344,-0.020371546968818,-0.14440549910069,0.11903162300587,-0.0064058634452522,0.026287896558642,0.045864477753639,0.052374266088009,0.034461434930563,-0.10248935222626,0.15937791764736,0.13059544563293,0.20128788053989,-0.02384489774704
-0.0074083642102778,0.27479267120361,0.19658234715462,0.14455200731754,-0.0089155659079552,0.1436557918787,-0.077854476869106,-0.089892357587814,0.025005726143718,-0.014554054476321,0.047595329582691,-0.061397343873978,-0.15376915037632,-0.19529764354229,0.068538598716259,-0.035661336034536,-0.083409883081913,0.06078527495265,-0.016116790473461,-0.073381654918194,0.045724987983704,0.032619073987007,-0.038526825606823,-0.00098021770827472,0.19280098378658,-0.19062729179859,-0.075692787766457,0.058847580105066,0.032385643571615,0.019847696647048,0.069925203919411,-0.11504149436951,-0.023704875260592,0.015805874019861,0.13513985276222,-0.03214205801487,0.061149694025517,-0.1702683866024,0.093320697546005,-0.06533382833004,0.040210343897343,-0.097504034638405,0.076620042324066,-0.094204783439636,0.0095385145395994,-0.00016117776976898,0.072083085775375,-0.031937122344971,-0.1262145191431,0.036761611700058,0.086094915866852,0.16816130280495,0.0063231159001589,0.0051595387049019,-0.020738089457154,-0.023841109126806,-0.0039050313644111,-0.19351454079151,-0.064236514270306,-0.093313299119473,-0.0065686129964888,0.017052162438631,-0.042414277791977,-0.1030350998044,0.028254786506295,0.065873451530933,0.046590976417065,-0.10051400959492,-0.12603636085987,0.14094887673855,0.041546821594238,0.063898675143719,-0.010151285678148,-0.038158126175404,0.063919119536877,-0.0066186911426485,-0.029981810599566,0.029552470892668,0.012015787884593,0.095564022660255,-0.024419358000159,0.086070895195007,0.071954861283302,0.10822889208794,0.095976747572422,0.074026554822922,-0.12705977261066,-5.4434236517409e-05,-0.027431931346655,0.14042972028255,-0.0046789865009487,-0.059032805263996,-0.022720389068127,0.072463423013687,-0.13076853752136,-0.15073123574257,-0.020453566685319,0.010989237576723,-0.023798808455467,-0.044378452003002,0.037757132202387,0.047344215214252,-0.014956898987293,-0.061526216566563,0.065160095691681,0.097117237746716,0.18221043050289,0.067817457020283,0.011153086088598,0.079299233853817,0.0026395656168461,-0.062547542154789,0.0054771667346358,0.034349020570517,0.029187249019742,-0.09605847299099,-0.1107315570116,0.09911497682333,0.030144885182381,-0.0086789103224874,0.045348737388849,0.018279533833265,-0.01119917538017,-0.026165405288339,0.21260377764702,0.054175667464733,0.2405428737402,-0.0015439793933183
-0.027914181351662,0.29719400405884,0.18562735617161,0.096919551491737,0.0016204043058679,0.18243764340878,-0.024578316137195,-0.028771759942174,0.067425556480885,-0.026340570300817,0.0069747976958752,-0.05699322745204,-0.075237184762955,-0.19742341339588,0.062598422169685,-0.023322947323322,-0.13243028521538,0.025258116424084,-0.092957571148872,-0.080205470323563,0.10734352469444,0.063023164868355,-0.017179993912578,-0.026880871504545,0.12261979281902,-0.25003078579903,-0.15084013342857,0.015595069155097,0.050405517220497,0.08445792645216,0.10417810827494,-0.1143069639802,-0.035808973014355,0.034309137612581,0.12661825120449,-0.037550058215857,0.070172563195229,-0.1319620013237,0.01887690462172,0.0055911834351718,0.026599943637848,-0.067437551915646,0.089720599353313,-0.044035315513611,-0.0032737501896918,-0.051956221461296,0.093768887221813,-0.035378970205784,-0.0587476529181,0.1079665645957,0.110691010952,0.11776798218489,-0.060962084680796,0.025776771828532,0.0056648622266948,-0.011143800802529,-0.0057341018691659,-0.17210724949837,-0.032233573496342,-0.10999035090208,-0.048332821577787,-0.012573402374983,-0.059971444308758,-0.13952140510082,0.047724030911922,-0.062664538621902,0.074934720993042,-0.11855835467577,-0.13591942191124,0.13168525695801,0.080066785216331,0.12198273837566,-0.0013501931680366,-0.014098637737334,0.011736513115466,0.022979635745287,-0.041374608874321,0.027159206569195,0.0033632779959589,0.11092031002045,0.02542451582849,0.043274477124214,0.098875306546688,0.19280950725079,0.093670912086964,0.0625054910779,-0.07804274559021,-0.013249544426799,-0.0025862553156912,0.11328070610762,-0.058464758098125,-0.10988219082355,-0.057353254407644,0.014861118048429,-0.13080227375031,-0.14567950367928,-0.032679133117199,0.062650106847286,-0.080093838274479,0.043484415858984,0.035778164863586,0.080844171345234,0.00059569650329649,-0.027958367019892,0.011057698167861,0.059720173478127,0.10061579942703,0.072509847581387,0.027609959244728,0.10658966004848,-0.033264681696892,-0.088251933455467,-0.081609256565571,0.045154750347137,-0.0059984955005348,-0.014746914617717,-0.013696619309485,0.11547223478556,-0.032613404095173,0.051225893199444,0.045998591929674,0.062687158584595,0.015903554856777,0.00075973925413564,0.1653668731451,0.0096016740426421,0.20907542109489,0.05699423328042
-0.050501763820648,0.33603537082672,0.17996725440025,0.066742077469826,0.012531647458673,0.16542994976044,-0.048425797373056,-0.062612861394882,0.062256764620543,-0.0023289630189538,-0.0034868167713284,-0.064138412475586,-0.10793241858482,-0.20874325931072,0.067203670740128,-0.023881960660219,-0.123530857265,0.060516010969877,-0.078511282801628,-0.099303975701332,0.071588583290577,0.068026155233383,0.0087994951754808,-0.0089557264000177,0.14724352955818,-0.23762111365795,-0.091024041175842,0.0540158636868,0.088238686323166,0.066269293427467,0.10835886746645,-0.12202039361,-0.010846280492842,0.031918190419674,0.14342229068279,-0.073954239487648,0.073318742215633,-0.11645445972681,0.055720377713442,-0.008626289665699,0.03285476192832,-0.088762193918228,0.10546363890171,-0.043941527605057,-0.011014639399946,-0.051646180450916,0.087924294173717,-0.00203079986386,-0.092003650963306,0.10054869949818,0.095493376255035,0.13929095864296,-0.022579450160265,-0.00411470932886,-0.033238846808672,-0.0030809249728918,0.011299745179713,-0.14556428790092,-0.068470656871796,-0.12107629328966,-0.069858588278294,0.0026273282710463,-0.018293146044016,-0.11677820980549,0.038034047931433,0.0050557153299451,0.032682050019503,-0.12577144801617,-0.18620038032532,0.14179195463657,0.043261583894491,0.090734459459782,-0.023261094465852,0.0088931163772941,0.044972576200962,-0.0060456343926489,-0.029811922460794,-0.0023694566916674,0.014688680879772,0.084942147135735,0.013875134289265,0.063566841185093,0.10115646570921,0.17995664477348,0.097266152501106,0.028344919905066,-0.11558818817139,0.0012703510001302,0.018537774682045,0.13366404175758,-0.029425462707877,-0.095163330435753,-0.043459374457598,0.030799424275756,-0.072717994451523,-0.14530569314957,-0.05509627610445,0.096433989703655,-0.072879530489445,0.0028867674991488,0.042975775897503,0.048271793872118,-0.008693034760654,-0.0096752848476171,0.028972519561648,0.068400748074055,0.1213967949152,0.059315118938684,0.062664113938808,0.075634278357029,0.01150519400835,-0.041297040879726,-0.042434107512236,0.082461982965469,-0.00099797162692994,-0.052607372403145,-0.036890812218189,0.13398388028145,0.02854991517961,0.063075631856918,0.074659742414951,0.037201419472694,-0.011636764742434,-0.032532200217247,0.13598588109016,0.0211247112602,0.20055091381073,0.018535932525992
-0.042912412434816,0.27984458208084,0.21554258465767,0.06848182529211,-0.0054806200787425,0.17108276486397,-0.043434161692858,-0.014742993749678,-0.0019346328917891,0.01371899805963,0.0033377050422132,-0.082229249179363,-0.10872663557529,-0.24131555855274,0.063686572015285,-0.0050788014195859,-0.12178423255682,0.0010303881717846,-0.042565315961838,-0.094668745994568,0.10215151309967,0.0086371842771769,-0.026425782591105,-0.017801802605391,0.14901475608349,-0.15415889024734,-0.11933415383101,3.3909833291546e-05,0.11899553984404,-0.011065511032939,0.11317274719477,-0.10814180225134,-0.051253221929073,0.019394885748625,0.13023339211941,-0.054416928440332,0.031078103929758,-0.092247202992439,0.11413429677486,-0.048884674906731,0.0398681871593,-0.12146562337875,0.026774104684591,-0.10917643457651,0.049153283238411,0.02275993861258,0.059711955487728,-0.014364403672516,-0.18302159011364,-0.014163515530527,0.021470768377185,0.19540782272816,0.02296450920403,-0.024907315149903,-0.043621819466352,-0.017055792734027,0.052222531288862,-0.15286210179329,-0.10539574921131,-0.11286031454802,-0.015464761294425,0.035814940929413,-0.018082117661834,-0.090668275952339,0.045712497085333,0.059864725917578,0.027602586895227,-0.050598900765181,-0.12027061730623,0.10120888799429,0.018450755625963,0.073151730000973,-0.075939737260342,-0.03183988109231,0.084875732660294,0.011793502606452,-0.05255214124918,0.05136988312006,0.064964815974236,0.14550979435444,-0.05701494961977,0.041079081594944,0.10668513178825,0.14371855556965,0.068821541965008,0.039409104734659,-0.066502965986729,0.046915467828512,-0.0081424750387669,0.10287553071976,0.015868993476033,-0.032633949071169,-0.02027290686965,0.12489471584558,-0.13645674288273,-0.13375778496265,0.011856692843139,0.042397268116474,-0.063183046877384,-0.026247775182128,0.078543625771999,0.027307422831655,-0.096976689994335,-0.017787104472518,0.067321121692657,0.089700922369957,0.16354024410248,0.083416976034641,0.079704336822033,0.032058861106634,-0.0074933050200343,-0.02860227227211,-0.053322251886129,0.017049623653293,0.093864180147648,-0.011163053102791,-0.17066620290279,0.10031576454639,0.023501353338361,0.052041403949261,0.030187141150236,0.0014572320505977,-0.019598031416535,-0.040800832211971,0.14997638761997,0.093002766370773,0.18884611129761,-0.010067305527627
-0.051832146942616,0.33139255642891,0.18374860286713,0.052727065980434,-0.025778666138649,0.1876557469368,-0.0318583548069,-0.010120988823473,0.02531111985445,0.032579760998487,0.0031934161670506,-0.058407168835402,-0.07266116887331,-0.23676787316799,0.04534362629056,-0.008937549777329,-0.17097571492195,0.030685100704432,-0.090968199074268,-0.096056371927261,0.087640173733234,0.060920998454094,-0.017813738435507,-0.044961661100388,0.087039977312088,-0.20673863589764,-0.12593522667885,0.020879605785012,0.076270408928394,0.065518796443939,0.061728816479445,-0.12555159628391,-0.045665953308344,0.029443243518472,0.11725427210331,-0.069977648556232,0.05926901102066,-0.12501564621925,0.049130816012621,0.039449956268072,0.0058917379938066,-0.10534282773733,0.079045780003071,-0.047546606510878,0.0089287552982569,-0.049705110490322,0.10848131775856,-0.028142163529992,-0.11407408863306,0.11291109770536,0.126963570714,0.13769294321537,-0.087156146764755,0.035014100372791,-0.019601564854383,-0.011639223434031,0.029509356245399,-0.18104146420956,-0.049477521330118,-0.10943642258644,-0.035264790058136,-0.0057686218060553,-0.033264774829149,-0.11103512346745,0.042232573032379,-0.057666026055813,0.055413346737623,-0.10804829746485,-0.13460984826088,0.12382832914591,0.058654826134443,0.11163145303726,-0.0060200053267181,0.021535910665989,0.033783044666052,0.014543830417097,-0.047999631613493,0.030808156356215,0.023868873715401,0.094460546970367,0.028560882434249,0.028910284861922,0.10826144367456,0.20754209160805,0.065151713788509,0.061726376414299,-0.074898272752762,-0.0085225366055965,0.03942134603858,0.11624525487423,-0.07098937779665,-0.1025241240859,-0.053400464355946,0.043837547302246,-0.13035978376865,-0.14027847349644,-0.02508157864213,0.073639929294586,-0.079219959676266,0.039378922432661,0.045765317976475,0.077388942241669,-0.028265802189708,-0.0088192382827401,0.041454870253801,0.057070054113865,0.095470376312733,0.088477358222008,0.018629085272551,0.088968209922314,-0.019048245623708,-0.058078061789274,-0.05532343313098,0.047833856195211,-0.0051514757797122,-0.018866052851081,-0.02525245770812,0.13073326647282,-0.011129309423268,0.034206461161375,0.049797892570496,0.029365237802267,0.034022528678179,-0.02993362210691,0.15572844445705,0.024509988725185,0.18856427073479,0.043084222823381
-0.019062340259552,0.27835750579834,0.23516646027565,0.086402408778667,-0.012642474845052,0.077122189104557,0.0012724308762699,0.0090199867263436,-0.014609290286899,0.067267626523972,0.023511795327067,-0.062997691333294,-0.090510331094265,-0.14650383591652,0.092815287411213,-0.0061191436834633,-0.090705782175064,-0.0031173548195511,-0.080557264387608,-0.04428843781352,0.015658611431718,0.01454165764153,-0.047413781285286,-0.10429117083549,0.11182347685099,-0.13373091816902,-0.16591486334801,0.10802316665649,0.072497516870499,-0.014807444065809,-0.0067811603657901,0.0041095819324255,-0.03435392677784,0.046297237277031,0.058085717260838,-0.051451928913593,0.084865063428879,-0.044162712991238,0.11777917295694,-0.032988645136356,0.045440163463354,-0.093585774302483,0.060719408094883,-0.22646011412144,0.01941598393023,0.040328238159418,0.03174727037549,-0.044497836381197,-0.12261728197336,0.033504951745272,0.04821964353323,0.24313853681087,-0.071564398705959,0.06858167797327,0.0092461854219437,-0.069599069654942,0.045349385589361,-0.24404229223728,-0.10935306549072,-0.059200290590525,-0.0059334235265851,-0.0046970914117992,-0.10429851710796,-0.083228059113026,-0.015647305175662,0.14654022455215,0.03831672668457,0.0093157580122352,-0.09468162804842,0.064361102879047,0.057969380170107,0.092105723917484,-0.0077763451263309,0.081296272575855,0.11696174740791,0.037665382027626,-0.0053525255061686,-0.0023319609463215,0.061811175197363,0.045951619744301,-0.023198939859867,0.046657010912895,0.10791287571192,0.13649295270443,0.10744906961918,0.067788600921631,-0.07606715708971,0.071056462824345,0.059245511889458,0.11602329462767,-0.0057897996157408,-0.041263777762651,0.0043722982518375,0.11589870601892,-0.16390174627304,-0.1565672904253,0.017201201990247,-0.006880322471261,-0.025027357041836,-0.036474581807852,0.035174574702978,0.023437594994903,-0.032035935670137,0.0063695176504552,0.059419542551041,0.10589424520731,0.12259639054537,0.10673102736473,0.091319642961025,0.034495308995247,-0.026370108127594,-0.013386976905167,-0.060057852417231,0.041599530726671,0.065708734095097,-0.090616747736931,-0.081391543149948,0.086784675717354,0.022359585389495,-0.0093753188848495,0.039595887064934,0.056353040039539,0.053142096847296,0.015004966408014,0.19307069480419,0.041874766349792,0.2302857786417,-0.0070635909214616
-0.0056620216928422,0.28503403067589,0.21582479774952,0.081414140760899,-0.04619463160634,0.15991692245007,-0.048432532697916,-0.024854566901922,-0.053439069539309,0.077740184962749,0.014909265562892,-0.1158310547471,-0.073707446455956,-0.21255068480968,0.097143016755581,0.007370050996542,-0.050584767013788,0.031087808310986,-0.054843723773956,-0.06212218105793,0.019244309514761,-0.0030133663676679,-0.042587887495756,0.040490031242371,0.099497988820076,-0.13683916628361,-0.1380018144846,0.027246540412307,0.098284840583801,-0.038608971983194,0.07158675044775,-0.021067144349217,-0.082478888332844,0.041707690805197,0.092733114957809,-0.031569804996252,0.047786019742489,-0.073189906775951,0.1171320527792,-0.042846124619246,-0.0004437884199433,-0.14947611093521,-0.0034502900671214,-0.19130358099937,0.089355610311031,0.061938859522343,0.062863387167454,0.039448905736208,-0.22988049685955,-0.00419488735497,0.063655644655228,0.19958692789078,0.035757895559072,-0.030250199139118,-0.064490407705307,-0.034459114074707,0.056388434022665,-0.17204591631889,-0.033342745155096,-0.10397263616323,-0.0118841342628,0.098404720425606,-0.068218044936657,-0.12115193903446,-0.018436260521412,0.13029277324677,0.050292942672968,-0.028823332861066,-0.15057821571827,0.066248439252377,-0.0076262564398348,0.034983843564987,-0.070960305631161,0.018114985898137,0.101671859622,-0.016030766069889,-0.023903921246529,0.043705027550459,0.1024374216795,0.11452633887529,-0.022729368880391,0.041775740683079,0.038724087178707,0.046914380043745,0.079583488404751,0.065761558711529,-0.11628272384405,-0.002366048283875,0.0017638752469793,0.14105382561684,0.020786449313164,0.0017255014972761,0.029735976830125,0.14772714674473,-0.14332747459412,-0.071273826062679,0.042562875896692,0.013013349846005,-0.042226918041706,-0.065381102263927,0.10084185749292,0.031604260206223,-0.10674676299095,0.016062097623944,0.061720822006464,0.095859944820404,0.13406938314438,0.045713502913713,0.077559486031532,0.04188921302557,0.0038589492905885,0.034165121614933,0.0063608605414629,-0.012663502246141,0.065328903496265,-0.051590599119663,-0.19948436319828,0.074215278029442,0.0075022336095572,0.0053561278618872,0.023814987391233,-0.034072667360306,0.022201888263226,-0.022216718643904,0.14383563399315,0.095544934272766,0.14843617379665,-0.085122667253017
-0.0076510296203196,0.31422406435013,0.22293816506863,0.10709214955568,0.0244713537395,0.1394287198782,-0.021872548386455,-0.036413569003344,0.090793944895267,-0.010448226705194,0.021225225180387,-0.080131866037846,-0.12332531809807,-0.15447242558002,0.096828363835812,-0.042292863130569,-0.030521204695106,0.034292127937078,-0.13032335042953,-0.10764993727207,0.02370204217732,0.082523591816425,-0.032137755304575,-0.00097658822778612,0.16559951007366,-0.27711030840874,-0.09557393938303,0.13804140686989,0.082299634814262,0.0067669134587049,0.12552629411221,-0.099961765110493,-0.067549154162407,0.034023445099592,0.076327696442604,-0.041997097432613,0.053388103842735,-0.12224673479795,0.011058729141951,0.026901872828603,0.062764242291451,-0.020682672038674,0.043808296322823,-0.096918798983097,0.017305567860603,-0.021776720881462,-0.00030208373209462,-0.0060230130329728,-0.04471892490983,0.053335819393396,0.11210581660271,0.18248039484024,-0.077376186847687,-0.040221985429525,-0.076125785708427,-0.033083625137806,-0.060526322573423,-0.13744059205055,-0.027497755363584,-0.068936683237553,-0.0593032091856,0.0010761948069558,-0.097162529826164,-0.12323803454638,0.0064103365875781,0.012548017315567,0.086182743310928,-0.073295094072819,-0.15941499173641,0.17816510796547,0.097335442900658,0.12578792870045,0.037130240350962,0.011835511773825,0.019877189770341,-0.0017475112108514,-0.012514225207269,0.033844698220491,-0.020891305059195,0.040839400142431,0.014063604176044,0.079146459698677,0.094298109412193,0.12662100791931,0.13240611553192,0.019709391519427,-0.097523003816605,-0.0027230551932007,-0.033030517399311,0.10844730585814,-0.03957187384367,-0.087192304432392,-0.031156990677118,0.031187243759632,-0.059359841048717,-0.13702736794949,-0.012548717670143,-0.042916860431433,-0.069588392972946,0.018646724522114,-0.0089719695970416,0.046034671366215,-0.0043446505442262,0.0025803144089878,-0.010794692672789,0.054032690823078,0.10345072299242,0.027085579931736,0.071255162358284,0.062287699431181,0.017123596742749,-0.022165313363075,-0.040023151785135,0.12305959314108,0.010680111125112,-0.10162657499313,-0.087530441582203,0.13215118646622,-0.0012491333764046,0.015096744522452,0.021635478362441,0.098635107278824,-0.028119921684265,0.030767776072025,0.21702958643436,-0.014313546940684,0.16286920011044,-0.031920321285725
0.024588944390416,0.3142309486866,0.15990574657917,0.11097577214241,-0.014770801179111,0.16339157521725,-0.027908276766539,-0.026980884373188,0.066226132214069,0.0053359139710665,0.062138956040144,-0.068355016410351,-0.073084630072117,-0.18040555715561,0.074128270149231,-0.034644566476345,-0.073300637304783,0.023774558678269,-0.088541902601719,-0.057067342102528,0.07011966407299,0.048250734806061,-0.020422955974936,-0.0073136002756655,0.14297167956829,-0.25224086642265,-0.086747355759144,0.062971882522106,0.050314135849476,0.077770926058292,0.083259329199791,-0.10410095006227,-0.028299694880843,0.061357118189335,0.090490899980068,-0.03861715272069,0.074365101754665,-0.10454981029034,0.034839197993279,-0.011097311973572,-0.0038014752790332,-0.091507956385612,0.062477365136147,-0.054277632385492,-0.0024945812765509,-0.052161369472742,0.053189024329185,-0.0056770443916321,-0.072895832359791,0.11764482408762,0.13174131512642,0.18267416954041,-0.086971096694469,0.012049472890794,-0.0070305485278368,-0.028905088081956,-0.052914794534445,-0.17443081736565,-0.043801724910736,-0.1025969684124,-0.058432303369045,-0.062499135732651,-0.033051859587431,-0.15743242204189,0.018849121406674,-0.023557856678963,0.069027028977871,-0.086085349321365,-0.15915036201477,0.14476531744003,0.06109106913209,0.10599480569363,-0.023260850459337,-0.004042889457196,0.0082084992900491,-0.021206637844443,0.019440492615104,0.034606609493494,0.001224335632287,0.11923035234213,0.0048357541672885,0.012900179252028,0.081334136426449,0.12458179891109,0.11523238569498,0.031870633363724,-0.10618455708027,-0.023665407672524,0.052248138934374,0.13892184197903,-0.047694623470306,-0.12991976737976,-0.058475252240896,0.053964264690876,-0.10618700832129,-0.15554261207581,-0.021537965163589,-0.00052956922445446,-0.050804045051336,-0.002483855234459,0.026762066408992,0.089924402534962,-0.012409400194883,-0.010329752229154,0.0048316563479602,0.074617274105549,0.10699310898781,0.06137865409255,0.059709839522839,0.068171679973602,-0.017757162451744,-0.033812649548054,-0.067884914577007,0.088558867573738,0.029234498739243,-0.066933736205101,-0.014125117100775,0.10175506770611,0.019155155867338,0.054054461419582,0.040702272206545,0.061941310763359,0.02444127574563,0.051861736923456,0.22187188267708,-0.018208643421531,0.25414019823074,0.012541792355478
-0.016723608598113,0.034314792603254,0.15959766507149,0.17817212641239,0.080903835594654,0.17196582257748,-0.011193350888789,-0.092778265476227,0.085298806428909,-0.026617543771863,0.027133191004395,0.051381804049015,-0.11801070719957,-0.12463573366404,0.086428992450237,0.028279326856136,-0.1271063387394,0.090162239968777,-0.0088190343230963,-0.087880171835423,0.12926369905472,0.0075611956417561,0.024676308035851,-0.028538379818201,0.19323289394379,-0.12402490526438,-0.1381476521492,-0.087495662271976,-0.072795733809471,0.031225714832544,0.13547745347023,0.053415965288877,-0.018965801224113,0.061320815235376,0.12727312743664,0.036596395075321,0.024524107575417,-0.15744736790657,0.085223749279976,-0.090858206152916,0.14247491955757,-0.061829164624214,0.089500434696674,-0.091573514044285,-0.067892052233219,-0.14094051718712,0.042391363531351,-0.082095041871071,0.043157000094652,-0.00085349386790767,0.10221531242132,0.016407398506999,0.012424343265593,0.038676921278238,0.095735467970371,0.032629083842039,0.042722757905722,-0.12760646641254,-0.086876474320889,-0.012237325310707,-0.044300153851509,-0.054674617946148,-0.052031237632036,-0.15335540473461,0.14980970323086,0.047342721372843,-0.010337495245039,-0.044364523142576,-0.073684200644493,0.22395187616348,0.032658241689205,0.19155631959438,-0.037034671753645,-0.033933911472559,-0.025807838886976,0.0077889324165881,-0.0063505568541586,-0.0011652546236292,-0.076388724148273,0.033463075757027,-0.034891195595264,0.094848088920116,0.12956748902798,0.10379621386528,0.0055770077742636,0.024282855913043,0.031505767256021,0.072659410536289,-0.081024952232838,0.059693451970816,0.0076131904497743,-0.039777174592018,-0.055997628718615,0.014667612500489,-0.11993841826916,-0.057021856307983,-0.074473634362221,0.050744265317917,-0.014557844959199,0.058914639055729,0.057133488357067,-0.036552123725414,-0.0087514445185661,-0.070427276194096,0.17259302735329,0.04217466339469,0.10547196120024,-0.010985262691975,-0.0020043740514666,0.086967028677464,-0.16796436905861,-0.067734822630882,-0.011758200824261,-0.052016530185938,0.14207237958908,-0.048098314553499,0.041913002729416,0.053328789770603,0.0038133645430207,0.089927196502686,0.15059453248978,0.05127627030015,0.040323130786419,-0.026904534548521,0.11735101044178,0.071328990161419,0.23546463251114,0.14222578704357
-0.010470131412148,0.19183491170406,0.20020632445812,0.14257274568081,0.0076996153220534,0.1307910233736,0.082662932574749,-0.049947287887335,0.12873157858849,-0.028245275840163,0.0026884053368121,-0.012451926246285,-0.0091708088293672,-0.12094082683325,0.10580196976662,0.043821934610605,-0.099174000322819,-0.032721109688282,-0.14499507844448,-0.066271409392357,0.10767991840839,0.0093211652711034,-0.039837531745434,0.054246451705694,0.12048146873713,-0.21746680140495,-0.23268221318722,-0.01716435328126,0.039722755551338,0.12120772153139,0.15742345154285,0.10160391032696,-0.043491620570421,0.095204442739487,0.03878727555275,-0.026700727641582,0.090965956449509,-0.026514697819948,0.076023705303669,0.026053471490741,0.088548913598061,-0.083377428352833,0.092869132757187,-0.1870541870594,0.049255013465881,-0.12336358428001,0.017442284151912,-0.060024116188288,0.027855772525072,0.023141238838434,0.094820521771908,0.055771619081497,0.010339431464672,0.032450526952744,0.063471086323261,0.031848311424255,-0.018317576497793,-0.066948093473911,-0.065455667674541,-0.021754002198577,-0.12030882388353,-0.033173929899931,-0.11414846777916,-0.22529575228691,0.038539383560419,0.093152530491352,0.070065043866634,-0.10334435850382,-0.20752720534801,0.030580129474401,0.035474117845297,0.14446204900742,-0.07694660872221,0.067098893225193,0.082189589738846,0.043664913624525,0.05682085454464,-0.046292923390865,-0.0025242771953344,0.14520309865475,0.029469979926944,-0.014537027105689,0.11782113462687,0.12827181816101,0.064859971404076,0.052653461694717,-0.014048453420401,-0.019694233313203,-0.061017394065857,0.058242432773113,-0.045050974935293,-0.13087272644043,0.0094834258779883,0.050975054502487,-0.13390396535397,-0.041743598878384,-0.052125215530396,-0.00070081796729937,0.0027046669274569,0.088109575212002,0.041389621794224,-0.023998035117984,-0.061688244342804,0.11577435582876,0.038938522338867,0.056858025491238,0.054105971008539,0.044913407415152,0.057877708226442,0.033900372684002,-0.14242246747017,-0.035673871636391,-0.10511077940464,0.0065162093378603,0.056188564747572,0.019859639927745,0.0064043062739074,0.16082413494587,-0.046565424650908,0.13780143857002,0.088737607002258,0.066615432500839,-0.0029206606559455,0.03021527454257,0.092960506677628,0.072871319949627,0.11141885817051,0.038395889103413
0.066072717308998,0.23183298110962,0.1877987831831,0.14949250221252,-0.0090368054807186,0.153405636549,0.09419833868742,-0.029104391112924,0.07224490493536,-0.081699527800083,0.045854948461056,-0.035666014999151,-0.032105010002851,-0.12158983200788,0.10119142383337,0.02527766674757,-0.024949321523309,-0.03258229419589,-0.14555437862873,-0.086279362440109,0.095319584012032,0.058548454195261,-0.024923492223024,0.057004850357771,0.12763686478138,-0.25047516822815,-0.17300425469875,0.0095389159396291,0.052767008543015,0.096327714622021,0.13823176920414,0.03115925565362,-0.077660940587521,0.10829573869705,0.029162658378482,-0.064767636358738,0.089093916118145,-0.01543199736625,0.063057795166969,0.077740758657455,0.046636577695608,-0.01868243329227,0.075913235545158,-0.13797922432423,0.038077436387539,-0.10683888942003,0.021193031221628,-0.094270884990692,-0.015155391767621,0.063217774033546,0.13124853372574,0.07411939650774,-0.047634486109018,0.031720250844955,-0.016833394765854,0.0024373519700021,-0.033071544021368,-0.018809711560607,-0.030096465721726,-0.0082214176654816,-0.1138346940279,-0.034451123327017,-0.084430813789368,-0.26627144217491,0.046688176691532,0.027978770434856,0.098659455776215,-0.13136306405067,-0.21864764392376,0.073724411427975,0.047726832330227,0.13616798818111,-0.036593772470951,0.082280308008194,0.035246048122644,-0.012260612100363,0.066584438085556,-0.039276268333197,-0.040280230343342,0.14105524122715,0.021585119888186,-0.030687719583511,0.1020273193717,0.068303637206554,0.07261311262846,0.038625162094831,-0.042398054152727,-0.1083714440465,-0.09986324608326,0.047453850507736,-0.031652227044106,-0.16969552636147,-0.034196812659502,0.026423880830407,-0.058822475373745,-0.045718971639872,-0.0097813038155437,-0.017524452880025,-0.02945526689291,0.1190609484911,-0.047605983912945,0.034151285886765,-0.043639082461596,0.16418364644051,-0.010197166353464,0.03508086502552,0.072766229510307,0.065769836306572,0.046640295535326,-0.0099636940285563,-0.090556144714355,-0.027011414989829,-0.084618434309959,0.057886209338903,0.049735631793737,-0.0030380487442017,0.0039416146464646,0.14460754394531,-0.024585435166955,0.11146775633097,0.032618828117847,0.090959466993809,-0.011190542019904,0.065976396203041,0.17824859917164,-0.00053616054356098,0.12539330124855,-0.0069242091849446
0.016701217740774,0.28224366903305,0.17164592444897,0.12794764339924,-0.011021979153156,0.15307320654392,0.019110128283501,-0.023628009483218,0.10351143032312,-0.033546797931194,0.094766318798065,-0.046825777739286,-0.078119404613972,-0.1327398866415,0.10721556097269,-0.020501406863332,-0.032564576715231,0.032842736691236,-0.12029838562012,-0.11704912781715,0.067218810319901,0.055777318775654,-0.028796192258596,0.0526526235044,0.18560886383057,-0.26010921597481,-0.076237753033638,0.069006524980068,0.0429905988276,0.058146942406893,0.14575786888599,-0.055942926555872,-0.043314937502146,0.10306194424629,0.031760182231665,-0.045125238597393,0.067250855267048,-0.087281011044979,0.043063823133707,0.082749150693417,0.061680607497692,-0.033503253012896,0.074142023921013,-0.059870094060898,0.012743022292852,-0.14987124502659,0.026692951098084,-0.070863649249077,-0.017481798306108,0.067388586699963,0.14304964244366,0.10001635551453,-0.10713963210583,-0.0028853917028755,-0.050965376198292,0.033119887113571,-0.090030811727047,-0.054628156125546,-0.034139260649681,-0.03895702958107,-0.11569306999445,-0.081836558878422,-0.054568734019995,-0.21195076406002,0.032570082694292,0.023983655497432,0.091912679374218,-0.12470389902592,-0.18967093527317,0.16005207598209,0.05143653601408,0.14061152935028,-0.0084262145683169,0.04889627918601,0.027967596426606,-0.061444148421288,0.038319949060678,0.0039734742604196,-0.074900485575199,0.078271940350533,-0.0235063303262,0.02869750931859,0.11298166960478,0.074477180838585,0.065741926431656,0.038291946053505,-0.048264719545841,-0.087992787361145,-0.032289419323206,0.059723477810621,-0.049348350614309,-0.17109715938568,-0.04654236882925,-0.0068610506132245,-0.01570344157517,-0.09448653459549,-0.063452310860157,-0.033322654664516,-0.049222469329834,0.078018978238106,-0.085817992687225,0.02422977052629,-0.00609300006181,0.097522839903831,0.015104285441339,0.061946142464876,0.073112949728966,0.038532491773367,0.026672614738345,-0.010093762539327,-0.059820640832186,-0.015577877871692,-0.06292088329792,0.099713578820229,0.046135768294334,-0.088047474622726,0.020381569862366,0.10098315775394,0.055566392838955,0.079033233225346,0.072684481739998,0.09387794137001,-0.030159369111061,0.084322169423103,0.2001994997263,-0.039257012307644,0.16935753822327,0.017442865297198
0.0026984047144651,0.25029012560844,0.19919684529305,0.098836496472359,0.0088536608964205,0.1380181312561,0.0038291490636766,-0.061586495488882,0.13472156226635,-0.033148840069771,0.10218440741301,-0.010964808054268,-0.10416187345982,-0.11953085660934,0.086785972118378,-0.060031328350306,-0.034060683101416,0.074468247592449,-0.13781228661537,-0.1304833739996,0.044694650918245,0.091711215674877,-0.041948448866606,0.046007987111807,0.17517231404781,-0.21641483902931,-0.042858596891165,0.11649265885353,0.039358288049698,0.031716898083687,0.14556038379669,-0.069659821689129,-0.039391983300447,0.092657461762428,0.054462742060423,-0.051992669701576,0.037182163447142,-0.082754351198673,0.061431564390659,0.078019477427006,0.081735491752625,-0.0082107856869698,0.033731549978256,-0.057103626430035,-0.0045293532311916,-0.17560708522797,-0.034366596490145,-0.047792389988899,0.0043288529850543,0.046614684164524,0.12563766539097,0.12556374073029,-0.1026651263237,-0.018130181357265,-0.074439115822315,0.026752501726151,-0.11073175817728,-0.026628160849214,-0.10095735639334,-0.016531277447939,-0.10889565944672,-0.083345174789429,-0.020499916747212,-0.15258198976517,0.02600234746933,0.026811262592673,0.082440473139286,-0.088709577918053,-0.1979559212923,0.20202513039112,0.077165156602859,0.1169990375638,0.015683123841882,0.051251534372568,0.0015828375471756,-0.066257961094379,0.011456273496151,-0.038411039859056,-0.073960661888123,0.036753691732883,-0.030443316325545,0.074381224811077,0.13939255475998,0.077544115483761,0.062454987317324,-0.027783876284957,-0.018932646140456,-0.050740923732519,-0.024227429181337,0.064949974417686,-0.037680402398109,-0.16540466248989,-0.0078059481456876,0.020921967923641,0.0035941987298429,-0.11443134397268,-0.087435252964497,-0.079606167972088,-0.053826700896025,0.065947368741035,-0.069548085331917,0.02348755672574,-0.030049044638872,0.070455513894558,0.054700948297977,0.056073598563671,0.090451456606388,-0.0076987957581878,0.039319694042206,-0.0088554443791509,-0.017750822007656,-0.0092490706592798,-0.052617155015469,0.15222258865833,0.053308676928282,-0.10760086029768,-0.0052109668031335,0.10904455929995,0.074898362159729,0.062730275094509,0.091603942215443,0.083710364997387,-0.057782877236605,0.048277746886015,0.21213175356388,-0.029921183362603,0.16822545230389,0.010047065094113
-0.01961724832654,0.22437223792076,0.21588104963303,0.11939176172018,-0.022463984787464,0.14448308944702,0.082438752055168,-0.050440046936274,0.12585319578648,-0.022048080340028,0.036184478551149,-0.025597361847758,-0.027785358950496,-0.13302633166313,0.10033940523863,0.011355282738805,-0.10437711328268,-0.002099187579006,-0.15869168937206,-0.10366965085268,0.10260597616434,0.003238775068894,-0.081226296722889,0.090278647840023,0.13766887784004,-0.20612235367298,-0.19692414999008,0.01470801141113,0.057168915867805,0.0937135592103,0.1770092099905,0.061711207032204,-0.070639431476593,0.10692071169615,0.044056724756956,-0.035373143851757,0.059080086648464,-0.036728359758854,0.09381216019392,0.043437518179417,0.095768377184868,-0.091882422566414,0.085660390555859,-0.14472433924675,0.076902523636818,-0.15763814747334,0.0089066075161099,-0.049031835049391,-0.022921675816178,-0.0082669435068965,0.079218007624149,0.059774361550808,-0.0076156482100487,0.0070481072179973,0.021852973848581,0.061672121286392,-0.074525788426399,-0.003920222632587,-0.081972166895866,-0.041402284055948,-0.13086058199406,-0.024425346404314,-0.062391709536314,-0.20608542859554,0.025471637025476,0.13018424808979,0.078063301742077,-0.12605978548527,-0.23788811266422,0.054806865751743,0.030904851853848,0.12347055971622,-0.067567311227322,0.079007886350155,0.085081160068512,-0.0082670114934444,0.048451207578182,-0.051708742976189,-0.0016250625485554,0.12399307638407,0.0045353742316365,0.0021603843197227,0.11887000501156,0.084118828177452,0.028290487825871,0.040229972451925,-0.0064898198470473,-0.047001224011183,-0.047769960016012,0.066082440316677,-0.022944465279579,-0.15745130181313,0.02646286226809,0.04164382815361,-0.095764502882957,-0.03492322191596,-0.06517082452774,-0.028661701828241,0.0016632761107758,0.089851416647434,0.0052888211794198,-0.021715451031923,-0.077449254691601,0.12718898057938,0.041625395417213,0.082199603319168,0.057286374270916,0.040549397468567,0.045616127550602,-0.0086174234747887,-0.10725424438715,-0.01247841399163,-0.10823335498571,0.032817479223013,0.079714871942997,-0.0041839154437184,-0.0095695713534951,0.15493141114712,0.015095739625394,0.12028655409813,0.10105635970831,0.037848483771086,-0.028926627710462,0.034618180245161,0.096437565982342,0.068376123905182,0.10241470485926,0.0078426348045468
0.030599646270275,0.23779924213886,0.12959876656532,0.035116665065289,-0.079383939504623,0.10419383645058,0.11473084241152,0.075359389185905,-0.012343863025308,-0.062534645199776,0.039027657359838,-0.068211674690247,0.049271017313004,-0.13088749349117,0.063152834773064,-0.076039701700211,-0.14372116327286,-0.076596021652222,-0.15122197568417,-0.011643394827843,0.055970352143049,-0.034100171178579,-0.065988935530186,0.0033932547084987,0.037479735910892,-0.25272622704506,-0.16674894094467,0.034348055720329,0.0029237796552479,0.083089239895344,0.041057895869017,-0.099176056683064,-0.069153025746346,0.097822904586792,-0.00078926573041826,-0.068476639688015,0.028747519478202,-0.05360970646143,-0.019889799878001,0.068201161921024,0.013838274404407,-0.12191816419363,0.10490884631872,3.6939956771675e-05,0.014572544023395,-0.063226811587811,0.05204076692462,-0.043332632631063,-0.11437300592661,0.15618781745434,0.018764609470963,-0.018112819641829,-0.11998169124126,0.061886500567198,-0.015954364091158,0.010060931555927,-0.15626883506775,-0.0046393130905926,-0.016586346551776,-0.022553339600563,-0.072298914194107,0.016060387715697,-0.029729194939137,-0.15055494010448,-0.016548717394471,0.021660853177309,0.068078972399235,-0.17830094695091,-0.20944795012474,-0.071538716554642,0.046265840530396,0.05314777046442,0.0051425318233669,0.092005111277103,0.059424161911011,0.0040780710987747,0.057517245411873,-0.077336192131042,0.057235714048147,0.1585276722908,0.007221472915262,-0.18964311480522,0.024684822186828,0.084227167069912,-0.019455758854747,0.13671372830868,-0.054085854440928,-0.14683185517788,0.035856522619724,0.088019303977489,-0.0015830046031624,-0.2108841240406,-0.018267827108502,-0.046044144779444,-0.11105255037546,-0.064435869455338,-0.035730510950089,-0.010307179763913,-0.029680570587516,0.085257925093174,-0.076245114207268,0.078820765018463,-0.00077546510146931,0.081864446401596,-0.05594389885664,0.10293686389923,0.011616196483374,0.21343216300011,-0.02008805796504,-0.01408198941499,-0.016974601894617,-0.061977468430996,-0.11752940714359,0.031682588160038,-0.054198447614908,0.020851043984294,0.10295308381319,0.16101175546646,0.045811533927917,0.10126630961895,-0.006912617944181,-0.022134091705084,-0.036939445883036,0.1264785528183,0.12177789211273,-0.064190238714218,0.085898511111736,-0.01066757272929
0.049426633864641,0.23926259577274,0.16027134656906,0.15313751995564,-0.0049746301956475,0.14260609447956,0.094987466931343,-0.045715738087893,0.071792155504227,-0.042855553328991,0.066897660493851,-0.038824856281281,-0.010108808986843,-0.12191548198462,0.10486651957035,0.034910392016172,-0.039352852851152,0.013482469134033,-0.13319224119186,-0.088287577033043,0.12212407588959,0.018966257572174,-0.039511248469353,0.072826027870178,0.15411007404327,-0.2571904361248,-0.18127152323723,-0.015046979300678,0.043462421745062,0.13712872564793,0.12980045378208,0.049690660089254,-0.06638327986002,0.11811860650778,0.039028938859701,-0.064608760178089,0.086621142923832,-0.045679450035095,0.08436343818903,0.05049280077219,0.049317386001348,-0.05297976359725,0.11673144996166,-0.11085077375174,0.035083025693893,-0.13099253177643,0.046100404113531,-0.083803690969944,-0.024293471127748,0.032883375883102,0.13748687505722,0.037023708224297,-0.051952090114355,0.027965722605586,-0.0040722787380219,0.036895431578159,-0.0448082908988,-0.0248440541327,-0.023518076166511,-0.013089046813548,-0.1080933958292,-0.051763836294413,-0.080445542931557,-0.25579118728638,0.047838937491179,0.054568950086832,0.072285741567612,-0.14135903120041,-0.21146728098392,0.052173908799887,0.030493170022964,0.13693837821484,-0.053709905594587,0.047556009143591,0.035730790346861,-0.018423134461045,0.071759723126888,-0.026083135977387,-0.046242095530033,0.13087512552738,0.010781040415168,-0.026441691443324,0.090018697082996,0.069739729166031,0.034976668655872,0.080644622445107,-0.041494138538837,-0.1226399987936,-0.078205160796642,0.052778623998165,-0.037555608898401,-0.18004879355431,-0.041035421192646,0.0033774839248508,-0.080860666930676,-0.045076616108418,-0.058245342224836,0.0035427245311439,-0.0083189681172371,0.10838147252798,-0.03054522536695,0.016521286219358,-0.019849086180329,0.15992684662342,0.012676596641541,0.047599829733372,0.0643250644207,0.08991850912571,0.030103011056781,-0.0072515523061156,-0.11750721186399,-0.040671367198229,-0.093964047729969,0.034083627164364,0.050927955657244,-0.0057247253134847,0.018586501479149,0.13764761388302,-0.009119801223278,0.11253853142262,0.057590030133724,0.073204956948757,-0.022844498977065,0.082847855985165,0.14446303248405,0.006963447201997,0.11350023001432,0.0039538377895951
0.062821201980114,0.23957417905331,0.15855848789215,0.1779221445322,-0.0020293991547078,0.14890633523464,0.021957671269774,-0.1048304438591,0.062782153487206,-0.062154185026884,0.084317408502102,-0.027767144143581,-0.073572665452957,-0.058052748441696,0.077994845807552,0.0023294340353459,0.021443475037813,0.056943956762552,-0.11862491071224,-0.099480733275414,0.037466950714588,0.048317547887564,0.0027753352187574,0.076781809329987,0.18309988081455,-0.2544903755188,-0.099831826984882,0.083797372877598,0.016542127355933,0.067713707685471,0.13688249886036,0.036864265799522,-0.086639069020748,0.08352592587471,-0.0041745244525373,-0.035795550793409,0.027261797338724,-0.066472731530666,0.071513399481773,0.10297076404095,0.04095084220171,0.0043106027878821,0.053416717797518,-0.12764778733253,0.010672384873033,-0.13667114078999,0.0076260026544333,-0.084832839667797,0.0021384034771472,0.059110790491104,0.18750815093517,0.12187523394823,-0.065835729241371,0.0012598863104358,-0.076661348342896,0.0051490310579538,-0.030909016728401,-0.0032334614079446,0.018696783110499,0.0051722056232393,-0.10974627733231,-0.0084567815065384,-0.070819959044456,-0.2396567761898,0.013866041786969,0.04989854618907,0.1012204438448,-0.10688233375549,-0.22247941792011,0.18378247320652,0.060277380049229,0.15282621979713,0.0064242919906974,0.093794442713261,0.023754332214594,-0.054238427430391,0.058514751493931,-0.057174947112799,-0.10401555895805,0.077020779252052,-0.0027314047329128,0.031396124511957,0.098095506429672,0.017728185281157,0.058085408061743,0.041953343898058,-0.069475620985031,-0.12773081660271,-0.1049946770072,0.027230899780989,-0.05764939263463,-0.15101248025894,0.00025551073485985,0.0046605234965682,0.008634795434773,-0.06112190708518,-0.041272129863501,-0.022683409973979,-0.023440117016435,0.080327980220318,-0.079870231449604,0.036122262477875,-0.0099665150046349,0.17286293208599,0.022606136277318,0.050152644515038,0.07018917798996,0.035689435899258,0.03840633481741,-0.019764611497521,-0.072769306600094,0.0088625168427825,-0.013889141380787,0.10730070620775,0.027112908661366,-0.08104333281517,0.0044307038187981,0.13103958964348,0.048997353762388,0.082316063344479,0.052044674754143,0.072274453938007,-0.038883756846189,0.035303629934788,0.18277907371521,-0.011688723228872,0.12047651410103,0.0092080561444163
0.050757005810738,0.21509552001953,0.17578738927841,0.13863039016724,-0.0063688345253468,0.17914274334908,0.081205673515797,-0.054168947041035,0.076965682208538,-0.044148679822683,0.053904309868813,-0.02286746352911,-0.016592329367995,-0.11649715900421,0.10345221310854,0.040891662240028,-0.06185407564044,-0.030085414648056,-0.14787292480469,-0.098643034696579,0.090816527605057,0.050858143717051,-0.026721719652414,0.070533275604248,0.12695644795895,-0.22884292900562,-0.18253690004349,0.0046340548433363,0.052912078797817,0.10324843972921,0.16253453493118,0.063339076936245,-0.10683213174343,0.094871133565903,0.010585580952466,-0.033229518681765,0.044039558619261,-0.043902240693569,0.095271848142147,0.10857389122248,0.053850337862968,-0.042730063199997,0.044905338436365,-0.14094997942448,0.038479644805193,-0.13401278853416,0.0069668930955231,-0.06575545668602,0.0032128170132637,0.043270327150822,0.14098966121674,0.090558469295502,-0.051406014710665,0.015853328630328,-0.023044526576996,0.014350768178701,-0.028500577434897,0.010311954654753,-0.035047952085733,0.013177971355617,-0.13191986083984,-0.022743495181203,-0.061761125922203,-0.25337496399879,0.028670569881797,0.03625151515007,0.10397976636887,-0.10185813903809,-0.21557138860226,0.087592162191868,0.053261265158653,0.17555326223373,-0.046148996800184,0.09344395250082,0.043699368834496,-0.013883234933019,0.052190497517586,-0.05549355968833,-0.045667145401239,0.16257025301456,0.045038655400276,-0.030421556904912,0.12248197942972,0.077104732394218,0.035718351602554,0.042618487030268,-0.013925011269748,-0.10295030474663,-0.098247587680817,0.028605885803699,-0.045572824776173,-0.15282522141933,-0.01213314384222,0.050570942461491,-0.074265576899052,-0.048608344048262,-0.034251447767019,-0.027288794517517,-0.017443597316742,0.11318251490593,-0.022655857726932,0.01717515476048,-0.064770437777042,0.16275174915791,0.013608710840344,0.052329283207655,0.05123345926404,0.055083766579628,0.054151717573404,0.0049046399071813,-0.09868136048317,-0.012562021613121,-0.077989391982555,0.053037796169519,0.054382551461458,0.016291690990329,0.0061618397012353,0.17094793915749,-0.019087160006166,0.13097542524338,0.062897577881813,0.044859156012535,-0.0098897544667125,0.044057920575142,0.12815675139427,0.035452999174595,0.092499889433384,0.029630076140165
-0.087685152888298,0.22913238406181,0.16375784575939,0.011475242674351,0.038419097661972,0.14036984741688,0.027542401105165,0.014201865531504,0.0187500230968,0.039647929370403,0.0039959689602256,-0.068751893937588,-0.0149618787691,-0.15211176872253,0.11594744026661,-0.035158079117537,-0.12907905876637,-0.000425576698035,-0.082879588007927,-0.015315249562263,0.078409135341644,-0.086266748607159,0.0036622777115554,-0.0020703719928861,0.14538942277431,-0.16581423580647,-0.21159352362156,-0.00038151850458235,0.13979481160641,-0.020342033356428,0.19230742752552,-0.04543038085103,-0.029328774660826,0.021628206595778,0.061720818281174,-0.0053743803873658,-0.013246284797788,-0.010011184960604,0.097084939479828,-0.048239175230265,0.0875588580966,-0.10620212554932,0.017627576366067,-0.08277652412653,-0.019036699086428,-0.081274919211864,0.03124868683517,0.016334043815732,-0.11026185750961,-0.0096990102902055,-0.11016724258661,0.12240616977215,0.0040969792753458,-0.047600451856852,-0.04654498770833,0.022540299221873,-0.042584110051394,-0.012140007689595,-0.146016523242,-0.098044946789742,-0.13577491044998,0.057915434241295,0.040260620415211,-0.11694286763668,0.015533260069788,0.18777078390121,0.016132706776261,-0.036020260304213,-0.20265997946262,-0.0042515038512647,0.045082092285156,0.11871652305126,-0.085015676915646,0.063184924423695,0.1252858787775,0.0042857229709625,-0.024149408563972,-0.05102477222681,0.10397404432297,0.13042579591274,-0.1052723377943,-0.018131911754608,0.10103862732649,0.13721352815628,0.04250805079937,0.044692933559418,-0.027070367708802,0.074586823582649,0.067797929048538,0.029709529131651,0.063592612743378,-0.056569993495941,0.039482794702053,0.089046455919743,-0.063883021473885,-0.154600918293,-0.068739503622055,0.069910742342472,-0.11201064288616,-0.0096901748329401,0.016969107091427,-0.045239459723234,-0.081208109855652,0.010236714035273,0.01170645467937,0.20319503545761,0.11070942133665,0.078915610909462,0.18918526172638,-0.010890518315136,-0.030222268775105,0.018848678097129,-0.10282772779465,0.057688843458891,0.085485972464085,-0.0041761416941881,-0.082769751548767,0.11186490952969,0.089739322662354,0.15882916748524,0.047787237912416,-0.047176118940115,-0.086560659110546,0.020905358716846,0.0051532741636038,0.094689607620239,0.11302607506514,0.031639948487282
-0.0066548897884786,0.18067687749863,0.047717843204737,0.0099699441343546,-0.053188789635897,0.08241368085146,0.021136276423931,-0.031792268157005,-0.016279153525829,0.094767339527607,0.12058602273464,0.0049576498568058,0.10238122940063,-0.038123112171888,-0.0030330731533468,0.030319372192025,-0.15850092470646,0.020097337663174,-0.13721422851086,0.058590181171894,0.10641087591648,-0.11619514971972,0.06922721862793,-0.028202794492245,0.011552180163562,-0.042516227811575,-0.10943713784218,-0.035393297672272,0.064016468822956,0.10147605091333,-0.027489555999637,0.081591472029686,0.040671389549971,0.088446050882339,-0.04929107427597,-0.007469751406461,-0.040611412376165,0.17994059622288,0.065656721591949,0.0071409940719604,-0.06118381023407,-0.17066429555416,-0.01617549918592,-0.082748726010323,-0.06676709651947,-0.08263585716486,0.061221048235893,-0.017220420762897,-0.12752372026443,0.073188729584217,0.052264049649239,0.18344074487686,-0.10369937866926,0.094494514167309,0.070226520299911,0.0081339702010155,0.042683988809586,-0.044601712375879,-0.10072088241577,-0.064963355660439,-0.12067828327417,-0.091853305697441,0.11156686395407,-0.090072110295296,0.022971304133534,0.10636613518,-0.036626059561968,0.06811286509037,-0.15667396783829,0.083612374961376,0.022569971159101,0.052986074239016,-0.10439752042294,0.10118342936039,0.12497390061617,-0.011999590322375,0.034558076411486,-0.089643724262714,0.021206988021731,0.09904607385397,-0.059819620102644,-0.10650327056646,0.071811825037003,0.045791495591402,-0.071337714791298,0.05984391272068,0.0075927055440843,0.0087946923449636,0.15709394216537,0.070173636078835,-0.023403879255056,-0.17316053807735,0.0097454870119691,0.086250782012939,-0.10608172416687,-0.12007152289152,-0.082130141556263,0.089230597019196,0.063404552638531,-0.017728585749865,0.071047805249691,0.049491457641125,-0.051862802356482,0.11243721842766,0.069767713546753,0.12879315018654,-0.0093201817944646,0.13488531112671,0.16060167551041,-0.1430672109127,-0.11213380843401,0.11073026061058,-0.10775666683912,0.037469483911991,0.13178725540638,0.046361599117517,0.035183012485504,0.046760354191065,0.12846632301807,0.1923825442791,0.076728656888008,-0.066551707684994,0.027990700677037,0.043425858020782,0.055540669709444,0.094638369977474,0.20402731001377,0.09852622449398
0.035711336880922,0.19457517564297,0.12540210783482,0.071944162249565,-0.06939385086298,0.14222432672977,-0.028592724353075,0.068673968315125,0.029626986011863,0.093819044530392,0.1483950316906,-0.022652931511402,0.023655116558075,-0.13563118875027,0.059428621083498,0.024778237566352,-0.074649207293987,0.094814620912075,-0.13520912826061,-0.0037264530546963,0.10140014439821,-0.027873042970896,0.066965773701668,0.043016958981752,0.037360951304436,-0.15688289701939,-0.038096200674772,-0.0075182253494859,0.0024265879765153,0.026258509606123,0.0086103091016412,-0.028637481853366,0.039517726749182,0.15534080564976,-0.022130858153105,-0.030307592824101,0.028466453775764,0.040638446807861,-0.00646499870345,0.034612018615007,-0.070020988583565,-0.12730215489864,-0.0057155438698828,-0.073644734919071,-0.030863264575601,-0.19924411177635,0.044795963913202,-0.033640023320913,-0.10168270021677,0.18195137381554,0.1828528791666,0.082696802914143,-0.17185896635056,0.078035645186901,0.01328123640269,0.023736843839288,0.00307133118622,-0.13792097568512,-0.031588405370712,-0.069545552134514,-0.08857174962759,-0.11817534267902,0.0032815611921251,-0.17729336023331,0.045341711491346,0.011212160810828,-0.003622027579695,-0.023629810661077,-0.17336286604404,0.18573093414307,-0.012037619017065,0.067790761590004,-0.063708335161209,0.076401956379414,0.0057827015407383,-0.094461038708687,0.083321943879128,0.012283793650568,-0.013071374036372,0.027505142614245,-0.059505861252546,-0.071782425045967,0.05589646473527,0.0098707154393196,0.0083955004811287,0.047740671783686,-0.035962708294392,-0.032164189964533,0.15187950432301,0.12862011790276,-0.03862352669239,-0.17807924747467,-0.063163287937641,0.05835785344243,-0.034703563898802,-0.044809192419052,-0.098272666335106,0.036220852285624,-0.038962703198195,0.052428755909204,0.027567464858294,0.037532586604357,-0.056569520384073,0.047637227922678,0.13145050406456,0.070901706814766,0.026012232527137,-0.015211897902191,0.066849790513515,-0.08915851265192,-0.13994207978249,0.10347945988178,0.0096586495637894,0.047139402478933,0.13164879381657,-0.061150953173637,0.11172285676003,0.032308705151081,0.098838694393635,0.11737752705812,0.078545041382313,0.0046319072134793,0.059862598776817,0.088638603687286,0.18726398050785,-0.015600723214447,0.268424898386,0.046576958149672
-0.033468652516603,0.083142347633839,0.088855169713497,0.012724556028843,-0.0052733132615685,0.060312446206808,0.047127511352301,0.031328070908785,0.10950174182653,0.012983679771423,0.067869529128075,0.038588657975197,0.04853530228138,-0.048502046614885,-0.035420659929514,-0.021902123466134,-0.18285375833511,0.0015954038826749,-0.1419368237257,0.028870988637209,0.19557423889637,-0.13103668391705,0.046002481132746,-0.031300604343414,0.047226935625076,-0.055662974715233,-0.11776132881641,-0.059845011681318,0.03952470049262,0.079922221601009,0.042531304061413,0.010009538382292,0.060027953237295,0.067858077585697,-0.010973428376019,-0.022919235751033,-0.060690056532621,0.19114927947521,0.017605639994144,-0.06033917888999,-0.010880205780268,-0.094845250248909,-0.039648808538914,-0.045660112053156,-0.046274248510599,-0.1459591537714,-0.0084704030305147,-0.059544183313847,-0.023025412112474,0.033923428505659,-0.0298359002918,0.17001606523991,-0.056846592575312,0.071075342595577,0.11983399838209,0.021785158663988,0.026013312861323,-0.034498982131481,-0.1607473641634,-0.10966027528048,-0.083812534809113,-0.14334020018578,0.10815918445587,-0.035085447132587,0.035377122461796,0.052394904196262,-0.041876003146172,0.083980672061443,-0.096447929739952,0.11702178418636,0.060290358960629,0.073708809912205,-0.10844765603542,0.028062684461474,0.051688611507416,0.024047030135989,0.010026869364083,-0.074278801679611,0.02010515704751,0.10504349321127,-0.14512386918068,-0.052884709089994,0.12325076758862,0.09425950050354,-0.02385694347322,-0.025615505874157,0.08036632835865,0.12277803570032,0.17571391165257,0.015335052274168,-0.013172161765397,-0.15782886743546,0.010734005831182,0.06770484149456,-0.086321040987968,-0.15027493238449,-0.077357195317745,0.051007427275181,0.028282521292567,0.0027471797075123,0.082764230668545,0.025366960093379,-0.064700543880463,0.042007509618998,0.070015668869019,0.095283254981041,0.0064106788486242,0.060958743095398,0.17459665238857,-0.13071450591087,-0.11704339087009,0.060614608228207,-0.17571853101254,0.035725090652704,0.20598343014717,0.093890942633152,0.047576174139977,0.014000721275806,0.11711891740561,0.20048089325428,0.061878196895123,0.028820650652051,-0.014324232935905,0.024376111105084,0.045930631458759,0.090118139982224,0.2454479187727,0.13611388206482
0.02871953137219,0.24444721639156,0.02580570243299,0.061777908354998,-0.0091652283445001,0.228949457407,-0.022997932508588,-0.10979253798723,-0.0074609629809856,0.11578373610973,0.10604500025511,-0.034603804349899,0.027499537914991,-0.10347213596106,0.083262227475643,0.05724935978651,-0.099312841892242,0.14484387636185,-0.07196944206953,-0.089699871838093,0.099910967051983,0.0034927511587739,0.04879055544734,0.030953636392951,0.1193610355258,-0.16836823523045,-0.093636065721512,-0.06066756695509,0.013160391710699,0.15585544705391,0.057435069233179,0.075721949338913,-0.029290921986103,0.10089243203402,0.045049231499434,0.0040400908328593,-0.0072210570797324,-0.10623078793287,0.122303776443,0.035537138581276,-0.046130061149597,-0.16433215141296,0.063954561948776,-0.05019049718976,-0.037364274263382,-0.12440406531096,0.089140452444553,0.01815071888268,-0.12397141009569,0.070252276957035,0.20621812343597,0.098315946757793,-0.060479804873466,0.016541080549359,-0.035843651741743,0.067649319767952,0.046745769679546,-0.050293926149607,-0.018772557377815,-0.032111700624228,-0.10742627829313,-0.020838914439082,0.056148678064346,-0.21111196279526,0.046892493963242,0.04985174536705,-0.020633647218347,-0.0081906504929066,-0.20120969414711,0.1793274730444,0.0041500511579216,0.13474334776402,-0.11416001617908,-0.0066359965130687,-0.0008506320300512,-0.030601477250457,0.030403602868319,-0.069641433656216,-0.062588654458523,0.068829953670502,0.025169210508466,-0.010916993021965,0.058824080973864,0.05598970502615,-0.074745282530785,0.0994046702981,-0.05596835911274,-0.12928293645382,0.04055367782712,0.12563708424568,-0.053726442158222,-0.15428256988525,-0.062212392687798,0.06639701128006,-0.079297386109829,-0.025949476286769,-0.13222390413284,0.091613575816154,0.0070329648442566,0.040184512734413,0.10249761492014,0.037561025470495,-0.036480560898781,0.082977630198002,0.086303137242794,0.079592071473598,-0.0074769272468984,0.038802493363619,0.0095039820298553,0.0053734639659524,-0.090558230876923,0.02921705134213,-0.0061921472661197,0.0018752855248749,0.078593038022518,-0.0070084440521896,0.031825859099627,0.10384722054005,0.091574639081955,0.14204519987106,0.16586299240589,-0.098556376993656,0.058534901589155,0.019102642312646,0.088862277567387,0.04855427518487,0.16286937892437,0.06039222329855
